{
  "type": "FeatureCollection",
  "features": [
    {
      "type": "Feature",
      "properties": {
        "sea_name": "Baltic sea",
        "sea_lenght": 1179658.01
      },
      "geometry": {
        "type": "Polygon",
        "coordinates": [[
          [10.2655333849, 54.2169368687],
          [30.0464777903, 54.2169368687],
          [30.0464777903, 63.5379729098],
          [10.2655333849, 63.5379729098],
          [10.2655333849, 54.2169368687]
        ]]
      }
    },
    {
      "type": "Feature",
      "properties": {
        "sea_name": "North sea",
        "sea_lenght": 775517.93
      },
      "geometry": {
        "type": "Polygon",
        "coordinates": [[
          [-4.5115098885, 58.1564069185],
          [-4.5115098885, 50.9546009591],
          [10.482932756, 50.9546009591],
          [10.482932756, 58.1564069185],
          [-4.5115098885, 58.1564069185]
        ]]
      }
    },
    {
      "type": "Feature",
      "properties": {
        "sea_name": "Norway sea",
        "sea_lenght": 1847810.57
      },
      "geometry": {
        "type": "Polygon",
        "coordinates": [[
          [-14.3267988448, 60.6074763198],
          [16.8773501487, 60.6074763198],
          [16.8773501487, 72.6845445026],
          [-14.3267988448, 72.6845445026],
          [-14.3267988448, 60.6074763198]
        ]]
      }
    },
    {
      "type": "Feature",
      "properties": {
        "sea_name": "Mediterranean sea",
        "sea_lenght": 1199469.28
      },
      "geometry": {
        "type": "Polygon",
        "coordinates": [[
          [9.8191070143, 43.8471022033],
          [-4.7476795622, 43.8471022033],
          [-4.7476795622, 35.2231460798],
          [9.8191070143, 35.2231460798],
          [9.8191070143, 43.8471022033]
        ]]
      }
    },
    {
      "type": "Feature",
      "properties": {
        "sea_name": "Adriatic Sea",
        "sea_lenght": 355570.68
      },
      "geometry": {
        "type": "Polygon",
        "coordinates": [[
          [11.8125348912, 45.2450474615],
          [11.8125348912, 40.4746948323],
          [20.0206410662, 40.4746948323],
          [20.0206410662, 45.2450474615],
          [11.8125348912, 45.2450474615]
        ]]
      }
    },
    {
      "type": "Feature",
      "properties": {
        "sea_name": "Arctic Ocean",
        "sea_lenght": 16128127.34
      },
      "geometry": {
        "type": "Polygon",
        "coordinates": [[
          [-19.5568451239, 62.4147006325],
          [187.0406317955, 62.4147006325],
          [187.0406317955, 85.0511287798],
          [-19.5568451239, 85.0511287798],
          [-19.5568451239, 62.4147006325]
        ]]
      }
    }
  ]
}